sha8,specialty,formType,kind,bytes,host,engine,query,title,url,path
"bf6a4b1f","amc-mixed","new-patient-intake","pdf","173476","my.clevelandclinic.org","google-amc-manual","","","https://my.clevelandclinic.org/-/scassets/files/org/locations/union-hospital/guest-services/new-patient-intake-form.pdf?la=en","/home/jmandel/hobby/intake-forms/raw/pdf/amc-mixed__new-patient-intake__my-clevelandclinic-org__bf6a4b1f6d.pdf"
"62b6fe7b","amc-mixed","new-patient-intake","pdf","214688","stanfordhealthcare.org","google-amc-manual","","","https://stanfordhealthcare.org/content/dam/SHC/for-patients-component/orthopaedics-and-sports-medicine/docs/ortho-new-patient-intake-form-final-11.2020.pdf","/home/jmandel/hobby/intake-forms/raw/pdf/amc-mixed__new-patient-intake__stanfordhealthcare-org__62b6fe7b58.pdf"
"9084c00c","amc-mixed","new-patient-intake","pdf","95504","stanfordhealthcare.org","google-amc-manual","","","https://stanfordhealthcare.org/content/dam/SHC/for-patients-component/interventional-radiology-clinic/docs/pdf-dvtdemographicsform.pdf","/home/jmandel/hobby/intake-forms/raw/pdf/amc-mixed__new-patient-intake__stanfordhealthcare-org__9084c00c76.pdf"
"23d03c90","amc-mixed","new-patient-intake","pdf","96509","stanfordhealthcare.org","google-amc-manual","","","https://stanfordhealthcare.org/content/dam/SHC/for-patients-component/interventional-radiology-clinic/docs/pdf-ivcfilterdemographicsform.pdf","/home/jmandel/hobby/intake-forms/raw/pdf/amc-mixed__new-patient-intake__stanfordhealthcare-org__23d03c9086.pdf"
"28b59933","amc-mixed","new-patient-intake","pdf","92578","stanfordhealthcare.org","google-amc-manual","","","https://stanfordhealthcare.org/content/dam/SHC/for-patients-component/interventional-radiology-clinic/docs/pdf-demographicsform.pdf","/home/jmandel/hobby/intake-forms/raw/pdf/amc-mixed__new-patient-intake__stanfordhealthcare-org__28b5993359.pdf"
"280c05fd","amc-mixed","new-patient-intake","pdf","523021","stanfordhealthcare.org","google-amc-manual","","","https://stanfordhealthcare.org/content/dam/SHC/clinics/valleycare-physicians-associates/docs/new-patient-gyn-q-vcpa-v11-19-18.pdf","/home/jmandel/hobby/intake-forms/raw/pdf/amc-mixed__new-patient-intake__stanfordhealthcare-org__280c05fd62.pdf"
"47e2b5b0","amc-mixed","new-patient-intake","pdf","102845","stanfordhealthcare.org","google-amc-manual","","","https://stanfordhealthcare.org/content/dam/SHC/for-patients-component/fibroid-center/docs/demographicsformfibroid-center.pdf","/home/jmandel/hobby/intake-forms/raw/pdf/amc-mixed__new-patient-intake__stanfordhealthcare-org__47e2b5b000.pdf"
"1c40b6cf","amc-multi","new-patient-intake","pdf","296597","nyulangone.org","google","","","https://nyulangone.org/files/fresco-new-patient-intake-questionnaire.pdf","/home/jmandel/hobby/intake-forms/raw/pdf/amc-multi__new-patient-intake__nyulangone-org__1c40b6cfc3.pdf"
"a013f391","amc-multi","new-patient-intake","pdf","2026422","nyulangone.org","google","","","https://nyulangone.org/files/fresco-new-patient-intake-questionnaire-6-21.pdf","/home/jmandel/hobby/intake-forms/raw/pdf/amc-multi__new-patient-intake__nyulangone-org__a013f391b6.pdf"
"a280acf2","amc-multi","new-patient-intake","pdf","2610899","nyulangone.org","google","","","https://nyulangone.org/files/fresco-new-patient-intake-questionnaire-9-22.pdf","/home/jmandel/hobby/intake-forms/raw/pdf/amc-multi__new-patient-intake__nyulangone-org__a280acf22f.pdf"
"f4c7adf7","amc-multi","new-patient-intake","pdf","738491","nyulangone.org","google","","","https://nyulangone.org/files/New_Patient_Forms_updated_Oct_2013_0.pdf","/home/jmandel/hobby/intake-forms/raw/pdf/amc-multi__new-patient-intake__nyulangone-org__f4c7adf71b.pdf"
"51b5997d","amc-multi","new-patient-intake","pdf","132416","hopkinsmedicine.org","google","","","https://www.hopkinsmedicine.org/-/media/psychiatry/documents/schizophrenia/patient_demographic_consultation_fillable_form.pdf","/home/jmandel/hobby/intake-forms/raw/pdf/amc-multi__new-patient-intake__hopkinsmedicine-org__51b5997df6.pdf"
"8936e492","amc-multi","new-patient-intake","pdf","1295205","nyulangone.org","google","","","https://nyulangone.org/files/new-patient-forms-dr-gilbert-dr-nirenberg-dr-brys-dr-fleisher.pdf","/home/jmandel/hobby/intake-forms/raw/pdf/amc-multi__new-patient-intake__nyulangone-org__8936e49277.pdf"
"bfa71fcb","amc-multi","new-patient-intake","pdf","328877","dam.upmc.com","google","","","https://dam.upmc.com/-/media/upmc/locations/hospitals/jameson/documents/services/bariatrics/jameson-bariatrics-new-patient-health-history.pdf?la=en&rev=1ade1ecf84714b9b9a1e3d7cb0eb44ae&hash=FA6E87CFFF490DE9BC8D9ED3FE482A9B","/home/jmandel/hobby/intake-forms/raw/pdf/amc-multi__new-patient-intake__dam-upmc-com__bfa71fcb0a.pdf"
"e5a41d8c","amc-multi","new-patient-intake","pdf","1638915","nyulangone.org","google","","","https://nyulangone.org/files/NYUCI-Summer-2012.pdf","/home/jmandel/hobby/intake-forms/raw/pdf/amc-multi__new-patient-intake__nyulangone-org__e5a41d8cb8.pdf"
"e8f668af","amc-multi","new-patient-intake","pdf","130389","brighamandwomens.org","google","","","https://www.brighamandwomens.org/assets/BWH/neurosurgery/pdfs/new-patient--ntake-form-bwh.pdf","/home/jmandel/hobby/intake-forms/raw/pdf/amc-multi__new-patient-intake__brighamandwomens-org__e8f668afcc.pdf"
"7ffc8787","amc-multi","new-patient-intake","pdf","201571","massgeneral.org","google","","","https://www.massgeneral.org/assets/MGH/pdf/dermatology/adult-dermatology-new-patient-form.pdf","/home/jmandel/hobby/intake-forms/raw/pdf/amc-multi__new-patient-intake__massgeneral-org__7ffc878738.pdf"
"26fda075","amc-multi","new-patient-intake","pdf","4053674","markvcid.partners.org","google","","","https://markvcid.partners.org/sites/default/files/external/protocols/MarkVCID_OCTA_Acquisition_Instructions_v9_1.16.21_Final.pdf","/home/jmandel/hobby/intake-forms/raw/pdf/amc-multi__new-patient-intake__markvcid-partners-org__26fda0757b.pdf"
"e4c5998d","amc-multi","new-patient-intake","pdf","4665173","corporate.dukehealth.org","google","","","https://corporate.dukehealth.org/sites/default/files/2020-02/DUHS%2C%20INC.%20FORM%20990%20%26%20990-T%20FYE%206-30-18_compressed.pdf","/home/jmandel/hobby/intake-forms/raw/pdf/amc-multi__new-patient-intake__corporate-dukehealth-org__e4c5998d54.pdf"
"e25b782c","amc-multi","new-patient-intake","pdf","225662","massgeneral.org","google","","","https://www.massgeneral.org/assets/MGH/pdf/medicine/allergy/MGH-Boston-New-Patient-Packet.pdf","/home/jmandel/hobby/intake-forms/raw/pdf/amc-multi__new-patient-intake__massgeneral-org__e25b782cfa.pdf"
"d189cb7c","amc-multi","new-patient-intake","pdf","155772","brighamandwomens.org","google","","","https://www.brighamandwomens.org/assets/BWH/neurology/pdfs/brain-mind-medicine-new-patient-forms-bwh.pdf","/home/jmandel/hobby/intake-forms/raw/pdf/amc-multi__new-patient-intake__brighamandwomens-org__d189cb7c50.pdf"
"42cf83a1","amc-multi","new-patient-intake","pdf","164595","massgeneral.org","google","","","https://www.massgeneral.org/assets/MGH/pdf/dermatology/hrscc-new-patient-form.pdf","/home/jmandel/hobby/intake-forms/raw/pdf/amc-multi__new-patient-intake__massgeneral-org__42cf83a13d.pdf"
"904bce58","amc-multi","new-patient-intake","pdf","269418","massgeneral.org","google","","","https://www.massgeneral.org/assets/MGH/pdf/vascular-center/mass-general-vein-care-stoneham/Stoneham_New_Patient_Packet.pdf","/home/jmandel/hobby/intake-forms/raw/pdf/amc-multi__new-patient-intake__massgeneral-org__904bce583d.pdf"
"f7764f43","amc-multi","new-patient-intake","pdf","629378","brighamandwomens.org","google","","","https://www.brighamandwomens.org/assets/BWH/medicine/allergy-clinical-immunology/pdfs/aerd-new-patient-intake-form.pdf","/home/jmandel/hobby/intake-forms/raw/pdf/amc-multi__new-patient-intake__brighamandwomens-org__f7764f43a6.pdf"
"4f6be397","amc-multi","new-patient-intake","pdf","223015","brighamandwomens.org","google","","","https://www.brighamandwomens.org/assets/BWH/medicine/allergy-clinical-immunology/pdfs/pediatric-new-patient-form.pdf","/home/jmandel/hobby/intake-forms/raw/pdf/amc-multi__new-patient-intake__brighamandwomens-org__4f6be3974c.pdf"
"10f4ff96","amc-multi","new-patient-intake","pdf","4053546","markvcid.partners.org","google","","","https://markvcid.partners.org/drupal/sites/default/files/SiteFiles/1_results/MarkVCID_OCTA_Acquisition_Instructions_v9_1.16.21_Final2.pdf","/home/jmandel/hobby/intake-forms/raw/pdf/amc-multi__new-patient-intake__markvcid-partners-org__10f4ff96aa.pdf"
"514faa41","amc-multi","new-patient-intake","pdf","1231376","dukehealth.org","google","","","https://www.dukehealth.org/sites/default/files/2021-07/Allogeneic%20Handbook%204.2021%5B2%5D%5B40%5D.pdf","/home/jmandel/hobby/intake-forms/raw/pdf/amc-multi__new-patient-intake__dukehealth-org__514faa413e.pdf"
"0017333e","alcohol","prom","pdf","332652","anthc.org","bing","AUDIT-C filetype:pdf","","https://www.anthc.org/wp-content/uploads/2025/07/Audit-C.pdf","/home/jmandel/hobby/intake-forms/raw/pdf/alcohol__prom__anthc-org__0017333e2a.pdf"
"d5bfa2c8","alcohol","prom","pdf","59004","kapextmediassl-a.akamaihd.net","bing","AUDIT-C filetype:pdf","","https://kapextmediassl-a.akamaihd.net/nursing/MN667/MN667_2103C/AUDIT-C.pdf","/home/jmandel/hobby/intake-forms/raw/pdf/alcohol__prom__kapextmediassl-a-akamaihd-net__d5bfa2c8db.pdf"
"9209e71b","alcohol","prom","pdf","63825","wa-provider.kaiserpermanente.org","bing","AUDIT-C filetype:pdf","","https://wa-provider.kaiserpermanente.org/static/pdf/provider/patient-ed/screenings/auditcAlcohol.pdf","/home/jmandel/hobby/intake-forms/raw/pdf/alcohol__prom__wa-provider-kaiserpermanente-o__9209e71b17.pdf"
"a381f6b5","alcohol","prom","pdf","152266","uploads.teachablecdn.com","bing","AUDIT-C filetype:pdf","","https://uploads.teachablecdn.com/attachments/BvqK1sS1Siql71NsjW9r_AUDIT-C.pdf","/home/jmandel/hobby/intake-forms/raw/pdf/alcohol__prom__uploads-teachablecdn-com__a381f6b54c.pdf"
"788127eb","alcohol","prom","pdf","271293","mentalhealth.va.gov","brave","""AUDIT-C"" alcohol use filetype:pdf","","https://www.mentalhealth.va.gov/coe/cih-visn2/Documents/Provider_Education_Handouts/AUDIT-C_Version_3.pdf","/home/jmandel/hobby/intake-forms/raw/pdf/alcohol__prom__mentalhealth-va-gov__788127ebf9.pdf"
"0bc8c976","alcohol","prom","pdf","35709","oregon.gov","brave","""AUDIT-C"" alcohol use filetype:pdf","","https://www.oregon.gov/oha/HSD/AMH/docs/AUDIT-C.pdf","/home/jmandel/hobby/intake-forms/raw/pdf/alcohol__prom__oregon-gov__0bc8c9760e.pdf"
"66fb683a","alcohol","prom","pdf","103254","integrationacademy.ahrq.gov","brave","""AUDIT-C"" alcohol use filetype:pdf","","https://integrationacademy.ahrq.gov/sites/default/files/2020-07/AUDIT-C.pdf","/home/jmandel/hobby/intake-forms/raw/pdf/alcohol__prom__integrationacademy-ahrq-gov__66fb683a30.pdf"
"0aa9fc15","alcohol","prom","pdf","54886","providerlibrary.healthnetcalifornia.com","brave","""AUDIT-C"" alcohol use filetype:pdf","","https://providerlibrary.healthnetcalifornia.com/content/dam/centene/healthnet/pdfs/providerlibrary/30818-AUDIT-C%20-%20English.pdf","/home/jmandel/hobby/intake-forms/raw/pdf/alcohol__prom__providerlibrary-healthnetcalif__0aa9fc1587.pdf"
"6b41b0ae","alcohol","prom","pdf","35687","bpac.org.nz","brave","""AUDIT-C"" alcohol use filetype:pdf","","https://bpac.org.nz/BPJ/2010/June/docs/addiction_AUDIT-C.pdf","/home/jmandel/hobby/intake-forms/raw/pdf/alcohol__prom__bpac-org-nz__6b41b0ae0e.pdf"
"70cc8ad2","alcohol","prom","pdf","395056","omnifamilyhealth.org","brave","""AUDIT-C"" alcohol use filetype:pdf","","https://omnifamilyhealth.org/wp-content/uploads/2025/08/Adults_Seniors_New_Patient_Clinical_Forms-Combined.pdf","/home/jmandel/hobby/intake-forms/raw/pdf/alcohol__prom__omnifamilyhealth-org__70cc8ad23c.pdf"
"56e70ea8","alcohol","prom","pdf","785443","deploymentpsych.org","brave","""AUDIT-C"" alcohol use filetype:pdf","","https://deploymentpsych.org/system/files/member_resource/AUDIT_C_scoring_Final_0.pdf","/home/jmandel/hobby/intake-forms/raw/pdf/alcohol__prom__deploymentpsych-org__56e70ea89a.pdf"
"7ed1c4be","alcohol","prom","pdf","53654","bpac.org.nz","brave","""AUDIT-C"" alcohol use filetype:pdf","","https://bpac.org.nz/magazine/2010/june/docs/addiction_all_screening_tools_web.pdf","/home/jmandel/hobby/intake-forms/raw/pdf/alcohol__prom__bpac-org-nz__7ed1c4be9c.pdf"
"5f477a5b","society-aafp","prom","pdf","288564","public.powerdms.com","brave","""AAFP"" patient screening filetype:pdf","","https://public.powerdms.com/PHC/documents/1858150","/home/jmandel/hobby/intake-forms/raw/pdf/society-aafp__prom__public-powerdms-com__5f477a5b16.pdf"
"aa7e8f54","society-aafp","prom","pdf","460358","ldh.la.gov","brave","""AAFP"" patient screening filetype:pdf","","https://ldh.la.gov/assets/oph/Center-PHCH/Center-PH/maternal/PPCL/SocialNeeds_ScreeningTool_PatientLongVersion.pdf","/home/jmandel/hobby/intake-forms/raw/pdf/society-aafp__prom__ldh-la-gov__aa7e8f5418.pdf"
"b8f4b0a1","alcohol","prom","pdf","89735","fideliscare.org","brave","""CAGE"" alcohol filetype:pdf","","https://www.fideliscare.org/Portals/0/Providers/ProviderManuals/Appendices/Appendix-IV-Cage-A-Instrument-Alcoholism-Screening.pdf","/home/jmandel/hobby/intake-forms/raw/pdf/alcohol__prom__fideliscare-org__b8f4b0a12f.pdf"
"00db8705","alcohol","prom","pdf","213351","pedagogyeducation.com","brave","""CAGE"" alcohol filetype:pdf","","https://pedagogyeducation.com/getmedia/4bbe5bd7-2e94-4311-a92e-4f26dbc2b47f/CAGE-Questionnaire.pdf","/home/jmandel/hobby/intake-forms/raw/pdf/alcohol__prom__pedagogyeducation-com__00db870557.pdf"
"b5a89ee7","society-aafp","prom","pdf","353485","medicine.tulane.edu","brave","""AAFP"" patient screening filetype:pdf","","https://medicine.tulane.edu/sites/default/files/pictures/Everyone-long-print_social_needs.pdf","/home/jmandel/hobby/intake-forms/raw/pdf/society-aafp__prom__medicine-tulane-edu__b5a89ee757.pdf"
"91ba7b69","alcohol","prom","pdf","173434","apps.nhslothian.scot","brave","""CAGE"" alcohol filetype:pdf","","https://apps.nhslothian.scot/files/sites/2/Alcohol-Screening.pdf","/home/jmandel/hobby/intake-forms/raw/pdf/alcohol__prom__apps-nhslothian-scot__91ba7b696e.pdf"
"27b14ab5","addiction","prom","pdf","547353","sbirt.care","bing","""DAST-10"" drug abuse screening filetype:pdf","","https://sbirt.care/pdfs/tools/DAST.PDF","/home/jmandel/hobby/intake-forms/raw/pdf/addiction__prom__sbirt-care__27b14ab5dd.pdf"
"7f77ec38","sleep-apnea","prom","pdf","53793","statecollegedentalsleepmedicine.com","bing","STOP-BANG questionnaire filetype:pdf","","https://www.statecollegedentalsleepmedicine.com/assets/docs/StopBang_Questionnaire1.pdf","/home/jmandel/hobby/intake-forms/raw/pdf/sleep-apnea__prom__statecollegedentalsleepmedicin__7f77ec38a9.pdf"
"e3fb5b88","psychology","intake","pdf","40899","apa.org","mine-page","","","https://www.apa.org/depression-guideline/patient-health-questionnaire.pdf","/home/jmandel/hobby/intake-forms/raw/pdf/psychology__intake__apa-org__e3fb5b8853.pdf"
"4fbf7c96","psychology","intake","pdf","36318","apa.org","mine-page","","","https://www.apa.org/depression-guideline/reminiscence-functions-scale.pdf","/home/jmandel/hobby/intake-forms/raw/pdf/psychology__intake__apa-org__4fbf7c96a7.pdf"
"94337526","psychiatry","intake","pdf","45272","aacap.org","mine-page","","","https://www.aacap.org/App_Themes/AACAP/docs/member_resources/toolbox_for_clinical_practice_and_outcomes/history/CAP_Intake_Form_1v2.pdf","/home/jmandel/hobby/intake-forms/raw/pdf/psychiatry__intake__aacap-org__9433752654.pdf"
"ad6fd519","psychiatry","intake","pdf","535763","aacap.org","mine-page","","","https://www.aacap.org/App_Themes/AACAP/docs/member_resources/toolbox_for_clinical_practice_and_outcomes/history/CAP_Intake_Form_3.pdf","/home/jmandel/hobby/intake-forms/raw/pdf/psychiatry__intake__aacap-org__ad6fd51984.pdf"
"20ad88eb","psychiatry","intake","pdf","545142","aacap.org","mine-page","","","https://www.aacap.org/App_Themes/AACAP/docs/member_resources/toolbox_for_clinical_practice_and_outcomes/history/CAP_Intake_Form_2.pdf","/home/jmandel/hobby/intake-forms/raw/pdf/psychiatry__intake__aacap-org__20ad88eb55.pdf"
"5cc32a6a","psychiatry","intake","pdf","469552","aacap.org","mine-page","","","https://www.aacap.org/App_Themes/AACAP/docs/member_resources/toolbox_for_clinical_practice_and_outcomes/history/CAP_Practice_Telephone_Intake.pdf","/home/jmandel/hobby/intake-forms/raw/pdf/psychiatry__intake__aacap-org__5cc32a6a97.pdf"
"0f1e63d5","psychiatry","intake","pdf","1078025","aacap.org","mine-page","","","https://www.aacap.org/App_Themes/AACAP/docs/member_resources/toolbox_for_clinical_practice_and_outcomes/symptoms/CMRS-P_PBD%20Screener.pdf","/home/jmandel/hobby/intake-forms/raw/pdf/psychiatry__intake__aacap-org__0f1e63d5c2.pdf"
"110d9d50","psychiatry","intake","pdf","421560","aacap.org","mine-page","","","https://www.aacap.org/App_Themes/AACAP/docs/member_resources/toolbox_for_clinical_practice_and_outcomes/symptoms/GLAD-PC_PHQ-9.pdf","/home/jmandel/hobby/intake-forms/raw/pdf/psychiatry__intake__aacap-org__110d9d50fa.pdf"
"94f8ad1b","psychiatry","intake","pdf","566657","aacap.org","mine-page","","","https://www.aacap.org/App_Themes/AACAP/docs/member_resources/toolbox_for_clinical_practice_and_outcomes/symptoms/NICHQ_Vanderbilt_Assessment_Scale-PARENT-Informant.pdf","/home/jmandel/hobby/intake-forms/raw/pdf/psychiatry__intake__aacap-org__94f8ad1bdc.pdf"
"77d676b7","psychiatry","intake","pdf","276496","aacap.org","mine-page","","","https://www.aacap.org/App_Themes/AACAP/docs/member_resources/toolbox_for_clinical_practice_and_outcomes/symptoms/NICHQ_Vanderbilt_Assessment_Follow_Up-PARENT-Informant.pdf","/home/jmandel/hobby/intake-forms/raw/pdf/psychiatry__intake__aacap-org__77d676b77e.pdf"
"f6a50250","psychiatry","intake","pdf","276535","aacap.org","mine-page","","","https://www.aacap.org/App_Themes/AACAP/docs/member_resources/toolbox_for_clinical_practice_and_outcomes/symptoms/NICHQ_Vanderbilt_Assessment_Scale-TEACHER-Informant.pdf","/home/jmandel/hobby/intake-forms/raw/pdf/psychiatry__intake__aacap-org__f6a5025060.pdf"
"59956fc5","psychiatry","intake","pdf","276538","aacap.org","mine-page","","","https://www.aacap.org/App_Themes/AACAP/docs/member_resources/toolbox_for_clinical_practice_and_outcomes/symptoms/NICHQ_Vanderbilt_Assessment_Follow_Up-TEACHER-Informant.pdf","/home/jmandel/hobby/intake-forms/raw/pdf/psychiatry__intake__aacap-org__59956fc538.pdf"
"64c450fd","psychiatry","intake","pdf","25812","aacap.org","mine-page","","","https://www.aacap.org/App_Themes/AACAP/docs/member_resources/toolbox_for_clinical_practice_and_outcomes/medication/med_consent_benzodiazepines_alpha_agonist.pdf","/home/jmandel/hobby/intake-forms/raw/pdf/psychiatry__intake__aacap-org__64c450fddc.pdf"
"332373de","psychiatry","intake","pdf","27198","aacap.org","mine-page","","","https://www.aacap.org/App_Themes/AACAP/docs/member_resources/toolbox_for_clinical_practice_and_outcomes/medication/med_consent_antipsychotics.pdf","/home/jmandel/hobby/intake-forms/raw/pdf/psychiatry__intake__aacap-org__332373de08.pdf"
"df7d5234","psychiatry","intake","pdf","27967","aacap.org","mine-page","","","https://www.aacap.org/App_Themes/AACAP/docs/member_resources/toolbox_for_clinical_practice_and_outcomes/medication/med_consent_aripiprazole_depression_anxiety.pdf","/home/jmandel/hobby/intake-forms/raw/pdf/psychiatry__intake__aacap-org__df7d523415.pdf"
"d03367dc","psychiatry","intake","pdf","26360","aacap.org","mine-page","","","https://www.aacap.org/App_Themes/AACAP/docs/member_resources/toolbox_for_clinical_practice_and_outcomes/medication/med_consent_atomoxetine.pdf","/home/jmandel/hobby/intake-forms/raw/pdf/psychiatry__intake__aacap-org__d03367dc2e.pdf"
"165e9bd3","psychiatry","intake","pdf","13254","aacap.org","mine-page","","","https://www.aacap.org/App_Themes/AACAP/docs/member_resources/toolbox_for_clinical_practice_and_outcomes/medication/med_consent_others.pdf","/home/jmandel/hobby/intake-forms/raw/pdf/psychiatry__intake__aacap-org__165e9bd366.pdf"
"81be0675","psychiatry","intake","pdf","39016","aacap.org","mine-page","","","https://www.aacap.org/App_Themes/AACAP/docs/member_resources/toolbox_for_clinical_practice_and_outcomes/medication/med_consent_adderall_stimulants.pdf","/home/jmandel/hobby/intake-forms/raw/pdf/psychiatry__intake__aacap-org__81be0675c6.pdf"
"a06e6bb0","psychiatry","intake","pdf","134298","aacap.org","mine-page","","","https://www.aacap.org/App_Themes/AACAP/docs/member_resources/toolbox_for_clinical_practice_and_outcomes/monitoring/AIMS.pdf","/home/jmandel/hobby/intake-forms/raw/pdf/psychiatry__intake__aacap-org__a06e6bb0b4.pdf"
"ab5b10a5","psychiatry","intake","pdf","39998","aacap.org","mine-page","","","https://www.aacap.org/App_Themes/AACAP/docs/member_resources/toolbox_for_clinical_practice_and_outcomes/monitoring/medication_side_effects_monitoring.pdf","/home/jmandel/hobby/intake-forms/raw/pdf/psychiatry__intake__aacap-org__ab5b10a591.pdf"
"dbb869a9","psychiatry","intake","pdf","32916","aacap.org","mine-page","","","https://www.aacap.org/App_Themes/AACAP/docs/member_resources/toolbox_for_clinical_practice_and_outcomes/monitoring/stimulant_monitoring_form_for_children_and_adolescents.pdf","/home/jmandel/hobby/intake-forms/raw/pdf/psychiatry__intake__aacap-org__dbb869a9bb.pdf"
"02d91145","psychiatry","intake","pdf","42960","aacap.org","mine-page","","","https://www.aacap.org/App_Themes/AACAP/docs/member_resources/toolbox_for_clinical_practice_and_outcomes/sources/MedWatch_Report.pdf","/home/jmandel/hobby/intake-forms/raw/pdf/psychiatry__intake__aacap-org__02d911450a.pdf"
"230419d1","psychiatry","intake","pdf","136646","evolve-psychiatry.com","mine-page","","","https://www.evolve-psychiatry.com/_files/ugd/07726c_d7ebd7d6a26345298ce81f76f5b01671.pdf","/home/jmandel/hobby/intake-forms/raw/pdf/psychiatry__intake__evolve-psychiatry-com__230419d1b4.pdf"
"4d3febd3","psychiatry","intake","pdf","210081","evolve-psychiatry.com","mine-page","","","https://www.evolve-psychiatry.com/_files/ugd/07726c_7cf1c8d1022b4ab6aac1b0bf2826af7b.pdf","/home/jmandel/hobby/intake-forms/raw/pdf/psychiatry__intake__evolve-psychiatry-com__4d3febd37b.pdf"
"f92703ba","psychiatry","intake","pdf","104212","evolve-psychiatry.com","mine-page","","","https://www.evolve-psychiatry.com/_files/ugd/07726c_d545bbda86d949cb86a0624bc5596015.pdf?index=true","/home/jmandel/hobby/intake-forms/raw/pdf/psychiatry__intake__evolve-psychiatry-com__f92703ba2b.pdf"
"849242d5","psychiatry","intake","pdf","84380","evolve-psychiatry.com","mine-page","","","https://www.evolve-psychiatry.com/_files/ugd/07726c_105c8b799f6b4d4dacc367d04aca50ca.pdf","/home/jmandel/hobby/intake-forms/raw/pdf/psychiatry__intake__evolve-psychiatry-com__849242d592.pdf"
"be4e011c","psychiatry","intake","pdf","123799","evolve-psychiatry.com","mine-page","","","https://www.evolve-psychiatry.com/_files/ugd/07726c_1bdd94191b0845c39c376428652b9e78.pdf?index=true","/home/jmandel/hobby/intake-forms/raw/pdf/psychiatry__intake__evolve-psychiatry-com__be4e011c9e.pdf"
"d74073cf","psychiatry","intake","pdf","110652","evolve-psychiatry.com","mine-page","","","https://www.evolve-psychiatry.com/_files/ugd/07726c_fb864979343b4e2cb4a19ee56536c4c7.pdf","/home/jmandel/hobby/intake-forms/raw/pdf/psychiatry__intake__evolve-psychiatry-com__d74073cf0a.pdf"
"d5e41e95","psychiatry","intake","pdf","258193","irp.cdn-website.com","mine-page","","","https://irp.cdn-website.com/2bae54a1/files/uploaded/2025_New_Patient_Information_and_Consent_Form_%281%29.pdf","/home/jmandel/hobby/intake-forms/raw/pdf/psychiatry__intake__irp-cdn-website-com__d5e41e95f9.pdf"
"a6e3acbc","psychiatry","intake","pdf","211736","irp.cdn-website.com","mine-page","","","https://irp.cdn-website.com/2bae54a1/files/uploaded/Printable_ROI.pdf","/home/jmandel/hobby/intake-forms/raw/pdf/psychiatry__intake__irp-cdn-website-com__a6e3acbc22.pdf"
"80bc58b3","psychiatry","intake","pdf","111129","irp.cdn-website.com","mine-page","","","https://irp.cdn-website.com/2bae54a1/files/uploaded/Medical_Records_Request_Form.pdf","/home/jmandel/hobby/intake-forms/raw/pdf/psychiatry__intake__irp-cdn-website-com__80bc58b35c.pdf"
"d2ac0478","psychiatry","intake","pdf","126399","irp.cdn-website.com","mine-page","","","https://irp.cdn-website.com/2bae54a1/files/uploaded/Psychotherapy+Note+Release+%281%29.pdf","/home/jmandel/hobby/intake-forms/raw/pdf/psychiatry__intake__irp-cdn-website-com__d2ac04784d.pdf"
"907c7826","geriatrics","prom","pdf","73429","homecaremissouri.org","mine-page","","","https://homecaremissouri.org/projects/falls/documents/Oct2012FINALValidatedFallriskassessmenttool.pdf","/home/jmandel/hobby/intake-forms/raw/pdf/geriatrics__prom__homecaremissouri-org__907c7826dd.pdf"
"d253175b","geriatrics","prom","pdf","251054","geriatrictoolkit.missouri.edu","mine-page","","","https://geriatrictoolkit.missouri.edu/Social-Needs-Screening-Tool-AAFP.pdf","/home/jmandel/hobby/intake-forms/raw/pdf/geriatrics__prom__geriatrictoolkit-missouri-edu__d253175b7e.pdf"
"a56d3c87","fall-risk","prom","pdf","610991","cdc.gov","mine-page","","","https://www.cdc.gov/steadi/media/pdfs/steadi-form-patientreferral-508.pdf","/home/jmandel/hobby/intake-forms/raw/pdf/fall-risk__prom__cdc-gov__a56d3c87f6.pdf"
"1c86f58a","mh-depression","prom","html","200033","mdcalc.com","bing","PHQ-9 patient health questionnaire 9 filetype:pdf","","https://www.mdcalc.com/calc/1725/phq9-patient-health-questionnaire9","/home/jmandel/hobby/intake-forms/raw/html/mh-depression__prom__mdcalc-com__1c86f58ab0.html"
"02e70fa3","mh-depression","prom","pdf","168805","integrationacademy.ahrq.gov","bing","PHQ-9 patient health questionnaire 9 filetype:pdf","","https://integrationacademy.ahrq.gov/sites/default/files/2020-07/PHQ-9.pdf","/home/jmandel/hobby/intake-forms/raw/pdf/mh-depression__prom__integrationacademy-ahrq-gov__02e70fa382.pdf"
"76346f6c","mh-depression","prom","html","163010","hiv.uw.edu","bing","PHQ-9 patient health questionnaire 9 filetype:pdf","","https://www.hiv.uw.edu/page/mental-health-screening/phq-9","/home/jmandel/hobby/intake-forms/raw/html/mh-depression__prom__hiv-uw-edu__76346f6c23.html"
"465d1291","mh-depression","prom","pdf","42017","www2.gov.bc.ca","bing","PHQ-9 patient health questionnaire 9 filetype:pdf","","https://www2.gov.bc.ca/assets/gov/health/practitioner-pro/bc-guidelines/depression_patient_health_questionnaire.pdf","/home/jmandel/hobby/intake-forms/raw/pdf/mh-depression__prom__www2-gov-bc-ca__465d129173.pdf"
"475f56b0","mh-depression","prom","pdf","142817","med.stanford.edu","bing","PHQ-9 patient health questionnaire 9 filetype:pdf","","https://med.stanford.edu/content/dam/sm/ppc/documents/Mental_Health/PHQ-2_English.pdf","/home/jmandel/hobby/intake-forms/raw/pdf/mh-depression__prom__med-stanford-edu__475f56b09f.pdf"
"a0e675d2","mh-depression","prom","html","229508","phq-9.org","bing","PHQ-9 patient health questionnaire 9 filetype:pdf","","https://phq-9.org/blog/phq-9-for-clinicians-screening-interpreting-monitoring","/home/jmandel/hobby/intake-forms/raw/html/mh-depression__prom__phq-9-org__a0e675d276.html"
"2cf63a92","mh-depression","prom","html","270897","patient.info","bing","PHQ-9 patient health questionnaire 9 filetype:pdf","","https://patient.info/doctor/mental-health/phq-9","/home/jmandel/hobby/intake-forms/raw/html/mh-depression__prom__patient-info__2cf63a9252.html"
"4d264804","mh-anxiety","prom","html","177197","mdcalc.com","bing","GAD-7 anxiety scale filetype:pdf","","https://www.mdcalc.com/calc/1727/gad7-general-anxiety-disorder7","/home/jmandel/hobby/intake-forms/raw/html/mh-anxiety__prom__mdcalc-com__4d264804e7.html"
"e144755a","mh-anxiety","prom","pdf","51652","dartmouth-hitchcock.org","bing","GAD-7 anxiety scale filetype:pdf","","https://www.dartmouth-hitchcock.org/sites/default/files/2021-02/gad-7-anxiety-scale.pdf","/home/jmandel/hobby/intake-forms/raw/pdf/mh-anxiety__prom__dartmouth-hitchcock-org__e144755a45.pdf"
"8e373ff8","mh-bipolar","prom","pdf","27323","ohsu.edu","bing","MDQ mood disorder questionnaire filetype:pdf","","https://www.ohsu.edu/sites/default/files/2019-06/cms-quality-bipolar_disorder_mdq_screener.pdf","/home/jmandel/hobby/intake-forms/raw/pdf/mh-bipolar__prom__ohsu-edu__8e373ff880.pdf"
"2125b90c","mh-bipolar","prom","pdf","38821","ibpf.org","bing","MDQ mood disorder questionnaire filetype:pdf","","https://ibpf.org/wp-content/uploads/2016/11/MDQ.pdf","/home/jmandel/hobby/intake-forms/raw/pdf/mh-bipolar__prom__ibpf-org__2125b90cf3.pdf"
"fb0d6bcb","mh-suicide","prom","pdf","694332","988lifeline.org","bing","Columbia Suicide Severity Rating Scale filetype:pdf","","https://988lifeline.org/wp-content/uploads/2016/09/Suicide-Risk-Assessment-C-SSRS-Lifeline-Version-2014.pdf","/home/jmandel/hobby/intake-forms/raw/pdf/mh-suicide__prom__988lifeline-org__fb0d6bcb3a.pdf"
"239f047f","mh-adhd","prom","pdf","63582","add.org","bing","ASRS adult ADHD self report scale filetype:pdf","","https://add.org/wp-content/uploads/2015/03/adhd-questionnaire-ASRS111.pdf","/home/jmandel/hobby/intake-forms/raw/pdf/mh-adhd__prom__add-org__239f047f28.pdf"
"bd1a1ddc","mh-adhd","prom","pdf","162557","apaservices.org","bing","ASRS adult ADHD self report scale filetype:pdf","","https://www.apaservices.org/practice/reimbursement/health-registry/self-reporting-sympton-scale.pdf","/home/jmandel/hobby/intake-forms/raw/pdf/mh-adhd__prom__apaservices-org__bd1a1ddc8c.pdf"
"fe49a4b2","mh-cognition","prom","pdf","698353","geriatrictoolkit.missouri.edu","bing","MoCA Montreal Cognitive Assessment filetype:pdf","","https://geriatrictoolkit.missouri.edu/cog/MoCA-8.3-English-Test-2018-04.pdf","/home/jmandel/hobby/intake-forms/raw/pdf/mh-cognition__prom__geriatrictoolkit-missouri-edu__fe49a4b2ad.pdf"
"6b9232cb","rheum-fibro","prom","html","144011","sralab.org","bing","FIQR Fibromyalgia Impact Questionnaire revised filetype:pdf","","https://www.sralab.org/rehabilitation-measures/revised-fibromyalgia-impact-questionnaire","/home/jmandel/hobby/intake-forms/raw/html/rheum-fibro__prom__sralab-org__6b9232cbe8.html"
"6206575c","rheum-fibro","prom","pdf","57152","batemanhornecenter.org","bing","FIQR Fibromyalgia Impact Questionnaire revised filetype:pdf","","https://batemanhornecenter.org/wp-content/uploads/2020/05/FIQR-Questionnaire.pdf","/home/jmandel/hobby/intake-forms/raw/pdf/rheum-fibro__prom__batemanhornecenter-org__6206575ce9.pdf"
"7fa7bf01","rheum-fibro","prom","pdf","34389","static.medicine.iupui.edu","bing","FIQR Fibromyalgia Impact Questionnaire revised filetype:pdf","","https://static.medicine.iupui.edu/divisions/rheu/content/physicians/FIQ_scoring_1103b.pdf","/home/jmandel/hobby/intake-forms/raw/pdf/rheum-fibro__prom__static-medicine-iupui-edu__7fa7bf019a.pdf"
"9ac8e3b5","rheum-fibro","prom","html","223495","clinicaltoolslibrary.com","bing","FIQR Fibromyalgia Impact Questionnaire revised filetype:pdf","","https://clinicaltoolslibrary.com/fibromyalgia-impact-questionnaire-revised-version-fiqr/","/home/jmandel/hobby/intake-forms/raw/html/rheum-fibro__prom__clinicaltoolslibrary-com__9ac8e3b566.html"
"5b7f7647","ortho-back","prom","pdf","234236","sralab.org","bing","Oswestry Disability Index ODI questionnaire filetype:pdf","","https://www.sralab.org/sites/default/files/2017-07/Oswestry_Low_Back_Disability.pdf","/home/jmandel/hobby/intake-forms/raw/pdf/ortho-back__prom__sralab-org__5b7f764755.pdf"
"6de5d844","ortho-back","prom","html","139378","medbridge.com","bing","Oswestry Disability Index ODI questionnaire filetype:pdf","","https://www.medbridge.com/blog/oswestry-disability-index","/home/jmandel/hobby/intake-forms/raw/html/ortho-back__prom__medbridge-com__6de5d8449d.html"
"34405bd0","ent-tinnitus","prom","html","186953","novopsych.com","bing","THI Tinnitus Handicap Inventory filetype:pdf","","https://novopsych.com/assessments/diagnosis/tinnitus-handicap-inventory-thi/","/home/jmandel/hobby/intake-forms/raw/html/ent-tinnitus__prom__novopsych-com__34405bd05d.html"
"2c2ffbd1","ent-voice","prom","html","386824","resref.com","bing","VHI-10 Voice Handicap Index filetype:pdf","","https://resref.com/voice-handicap-index-vhi-guide/","/home/jmandel/hobby/intake-forms/raw/html/ent-voice__prom__resref-com__2c2ffbd103.html"
"a941b2af","ortho-knee","prom","pdf","72708","aaos.org","bing","KOOS Knee injury Osteoarthritis Outcome Score filetype:pdf","","https://www.aaos.org/globalassets/quality-and-practice-resources/patient-reported-outcome-measures/lower-extremities/koos.pdf","/home/jmandel/hobby/intake-forms/raw/pdf/ortho-knee__prom__aaos-org__a941b2af00.pdf"
"be90354c","ortho-knee","prom","html","377604","physiotutors.com","bing","KOOS Knee injury Osteoarthritis Outcome Score filetype:pdf","","https://www.physiotutors.com/questionnaires/koos-knee-survey-questionnaire/","/home/jmandel/hobby/intake-forms/raw/html/ortho-knee__prom__physiotutors-com__be90354cad.html"
"3c74d4c5","ortho-knee","prom","html","147337","sralab.org","bing","KOOS Knee injury Osteoarthritis Outcome Score filetype:pdf","","https://www.sralab.org/rehabilitation-measures/knee-injury-and-osteoarthritis-outcome-score","/home/jmandel/hobby/intake-forms/raw/html/ortho-knee__prom__sralab-org__3c74d4c513.html"
"cb7e5ad3","ortho-knee","prom","html","52611","thecalculator.co","bing","KOOS Knee injury Osteoarthritis Outcome Score filetype:pdf","","https://www.thecalculator.co/health/Knee-Injury-And-Osteoarthritis-Outcome-Score-(KOOS)-Calculator-957.html","/home/jmandel/hobby/intake-forms/raw/html/ortho-knee__prom__thecalculator-co__cb7e5ad343.html"
"6b4dd22d","ortho-knee","prom","html","102525","patient.watch","bing","KOOS Knee injury Osteoarthritis Outcome Score filetype:pdf","","https://patient.watch/forms/koos","/home/jmandel/hobby/intake-forms/raw/html/ortho-knee__prom__patient-watch__6b4dd22d5f.html"
"a8f652bc","ortho-knee","prom","pdf","46982","howdenmedicalclinic.com","bing","WOMAC Western Ontario McMaster osteoarthritis filetype:pdf","","https://howdenmedicalclinic.com/wp-content/uploads/2025/05/WOMAC.pdf","/home/jmandel/hobby/intake-forms/raw/pdf/ortho-knee__prom__howdenmedicalclinic-com__a8f652bcab.pdf"
"c3dd97fd","ortho-knee","prom","html","105924","patient.watch","bing","WOMAC Western Ontario McMaster osteoarthritis filetype:pdf","","https://patient.watch/forms/womac-osteoarthritis-index","/home/jmandel/hobby/intake-forms/raw/html/ortho-knee__prom__patient-watch__c3dd97fdd1.html"
"47733d7b","ortho-knee","prom","html","128112","sralab.org","bing","WOMAC Western Ontario McMaster osteoarthritis filetype:pdf","","https://www.sralab.org/rehabilitation-measures/western-ontario-and-mcmaster-universities-osteoarthritis-index","/home/jmandel/hobby/intake-forms/raw/html/ortho-knee__prom__sralab-org__47733d7bfa.html"
"7ea1da3b","ortho-knee","prom","pdf","885298","howardhead.org","bing","WOMAC Western Ontario McMaster osteoarthritis filetype:pdf","","https://www.howardhead.org/pdf/HHSM/forms/Total_Knee.pdf","/home/jmandel/hobby/intake-forms/raw/pdf/ortho-knee__prom__howardhead-org__7ea1da3b19.pdf"
"8ce884db","neuro-migraine","prom","pdf","32773","headaches.org","bing","MIDAS Migraine Disability Assessment filetype:pdf","","https://headaches.org/wp-content/uploads/midas.pdf","/home/jmandel/hobby/intake-forms/raw/pdf/neuro-migraine__prom__headaches-org__8ce884db02.pdf"
"b1c10a82","ortho-shoulder","prom","pdf","322203","esvw.com","bing","ASES American Shoulder Elbow Surgeons score filetype:pdf","","https://www.esvw.com/files/documents/ASESF-2026-Prospectus-fesdmdatm54vnkzonzitz.pdf","/home/jmandel/hobby/intake-forms/raw/pdf/ortho-shoulder__prom__esvw-com__b1c10a8248.pdf"
"e4e52104","neuro-migraine","prom","pdf","38381","sonoranhealth.org","bing","MIDAS Migraine Disability Assessment filetype:pdf","","https://www.sonoranhealth.org/resources/MIDAS+Migraine+Questionnaire.pdf","/home/jmandel/hobby/intake-forms/raw/pdf/neuro-migraine__prom__sonoranhealth-org__e4e521049b.pdf"
"07639389","ortho-shoulder","prom","html","100563","mdapp.co","bing","ASES American Shoulder Elbow Surgeons score filetype:pdf","","https://www.mdapp.co/american-shoulder-and-elbow-surgeons-ases-score-calculator-607/","/home/jmandel/hobby/intake-forms/raw/html/ortho-shoulder__prom__mdapp-co__0763938994.html"
"420aba25","neuro-migraine","prom","pdf","178995","brighamandwomensfaulkner.org","bing","MIDAS Migraine Disability Assessment filetype:pdf","","https://www.brighamandwomensfaulkner.org/assets/faulkner/headache-center/documents/midas-questionnaire.pdf","/home/jmandel/hobby/intake-forms/raw/pdf/neuro-migraine__prom__brighamandwomensfaulkner-org__420aba25b9.pdf"
"26d7371e","neuro-migraine","prom","pdf","62338","scripps.org","bing","MIDAS Migraine Disability Assessment filetype:pdf","","https://www.scripps.org/sparkle-assets/documents/web059migraineassessmenttest.pdf","/home/jmandel/hobby/intake-forms/raw/pdf/neuro-migraine__prom__scripps-org__26d7371e86.pdf"
"33970af1","neuro-migraine","prom","pdf","295470","theportlandclinic.com","bing","MIDAS Migraine Disability Assessment filetype:pdf","","https://www.theportlandclinic.com/wp-content/uploads/2017/06/11117-Migraine-Assessment.pdf","/home/jmandel/hobby/intake-forms/raw/pdf/neuro-migraine__prom__theportlandclinic-com__33970af168.pdf"
"087e00ed","ortho-shoulder","prom","pdf","22732","denalipt.com","bing","SPADI Shoulder Pain Disability Index filetype:pdf","","https://denalipt.com/wp-content/uploads/Shoulder-Pain-and-Disability-Index.pdf","/home/jmandel/hobby/intake-forms/raw/pdf/ortho-shoulder__prom__denalipt-com__087e00edcb.pdf"
"4d48e9fc","ortho-shoulder","prom","html","41226","thecalculator.co","bing","SPADI Shoulder Pain Disability Index filetype:pdf","","https://www.thecalculator.co/health/Shoulder-Pain-And-Disability-Index-(SPADI)-Calculator-959.html","/home/jmandel/hobby/intake-forms/raw/html/ortho-shoulder__prom__thecalculator-co__4d48e9fc16.html"
"30aec050","ortho-shoulder","prom","pdf","10423","health.uconn.edu","bing","SPADI Shoulder Pain Disability Index filetype:pdf","","https://health.uconn.edu/rehabilitation/wp-content/uploads/sites/94/2017/02/form_spadi.pdf","/home/jmandel/hobby/intake-forms/raw/pdf/ortho-shoulder__prom__health-uconn-edu__30aec050be.pdf"
"1db6ce8d","ortho-shoulder","prom","html","103635","mdapp.co","bing","SPADI Shoulder Pain Disability Index filetype:pdf","","https://www.mdapp.co/shoulder-pain-and-disability-index-spadi-calculator-229/","/home/jmandel/hobby/intake-forms/raw/html/ortho-shoulder__prom__mdapp-co__1db6ce8d85.html"
"c353171f","ortho-foot","prom","pdf","240752","howardhead.org","bing","FAAM Foot Ankle Ability Measure filetype:pdf","","https://www.howardhead.org/pdf/HHSM/forms/Foot_Ankle.pdf","/home/jmandel/hobby/intake-forms/raw/pdf/ortho-foot__prom__howardhead-org__c353171ffd.pdf"
"1062245e","ortho-foot","prom","pdf","18441","centerforpt.net","bing","FAAM Foot Ankle Ability Measure filetype:pdf","","http://centerforpt.net/wp-content/uploads/2016/10/Foot-and-Ankle-Ability-Measure.pdf","/home/jmandel/hobby/intake-forms/raw/pdf/ortho-foot__prom__centerforpt-net__1062245e60.pdf"
"89da8a3f","ortho-foot","prom","html","388656","resref.com","bing","FAAM Foot Ankle Ability Measure filetype:pdf","","https://resref.com/foot-ankle-ability-measure-faam-guide/","/home/jmandel/hobby/intake-forms/raw/html/ortho-foot__prom__resref-com__89da8a3f87.html"
"c75ae23f","ortho-upper","prom","pdf","64655","sralab.org","bing","QuickDASH Disabilities Arm Shoulder Hand filetype:pdf","","https://www.sralab.org/sites/default/files/2017-06/quickdash_test.pdf","/home/jmandel/hobby/intake-forms/raw/pdf/ortho-upper__prom__sralab-org__c75ae23f0b.pdf"
"34ffcf7c","ortho-upper","prom","html","38246","orthopaedicscore.com","bing","QuickDASH Disabilities Arm Shoulder Hand filetype:pdf","","http://orthopaedicscore.com/scorepages/disabilities_of_arm_shoulder_hand_score_quickdash.html","/home/jmandel/hobby/intake-forms/raw/html/ortho-upper__prom__orthopaedicscore-com__34ffcf7c50.html"
"430f4b78","ortho-upper","prom","html","145041","medbridge.com","bing","QuickDASH Disabilities Arm Shoulder Hand filetype:pdf","","https://www.medbridge.com/blog/quickdash-what-it-measures-how-to-score-it-and-why-it-matters","/home/jmandel/hobby/intake-forms/raw/html/ortho-upper__prom__medbridge-com__430f4b7820.html"
"c4dcb191","ortho-upper","prom","pdf","149044","rpmrehab.com","bing","QuickDASH Disabilities Arm Shoulder Hand filetype:pdf","","https://rpmrehab.com/wp-content/uploads/2021/05/Quick-Dash.pdf","/home/jmandel/hobby/intake-forms/raw/pdf/ortho-upper__prom__rpmrehab-com__c4dcb1918e.pdf"
"01f14cbe","ortho-upper","prom","html","105841","patient.watch","bing","QuickDASH Disabilities Arm Shoulder Hand filetype:pdf","","https://patient.watch/forms/quickdash","/home/jmandel/hobby/intake-forms/raw/html/ortho-upper__prom__patient-watch__01f14cbe82.html"
"9b93c568","ortho-lower","prom","pdf","36593","honorhealth.com","bing","LEFS Lower Extremity Functional Scale filetype:pdf","","https://www.honorhealth.com/sites/default/files/documents/medical-services/leg-functional-scale-form.pdf","/home/jmandel/hobby/intake-forms/raw/pdf/ortho-lower__prom__honorhealth-com__9b93c5688b.pdf"
"d23015b4","ortho-lower","prom","html","122263","sralab.org","bing","LEFS Lower Extremity Functional Scale filetype:pdf","","https://www.sralab.org/rehabilitation-measures/lower-extremity-functional-scale","/home/jmandel/hobby/intake-forms/raw/html/ortho-lower__prom__sralab-org__d23015b4b1.html"
"05d33747","ortho-lower","prom","pdf","129156","uhs.fsu.edu","bing","LEFS Lower Extremity Functional Scale filetype:pdf","","https://uhs.fsu.edu/sites/g/files/upcbnu1651/files/docs/PT/LEFS.pdf","/home/jmandel/hobby/intake-forms/raw/pdf/ortho-lower__prom__uhs-fsu-edu__05d33747ad.pdf"
"6b8b87a9","neuro-stroke","prom","html","69339","ninds.nih.gov","bing","NIHSS NIH Stroke Scale filetype:pdf","","https://www.ninds.nih.gov/health-information/stroke/assess-and-treat/nih-stroke-scale","/home/jmandel/hobby/intake-forms/raw/html/neuro-stroke__prom__ninds-nih-gov__6b8b87a973.html"
"eceb9639","ortho-lower","prom","html","97610","boneandspine.com","bing","LEFS Lower Extremity Functional Scale filetype:pdf","","https://boneandspine.com/lower-extremity-functional-scale/","/home/jmandel/hobby/intake-forms/raw/html/ortho-lower__prom__boneandspine-com__eceb96397e.html"
"bed2dda2","ortho-lower","prom","pdf","241409","bu.edu","bing","LEFS Lower Extremity Functional Scale filetype:pdf","","https://www.bu.edu/rehab/files/2020/03/LEFS_English_fillable.pdf","/home/jmandel/hobby/intake-forms/raw/pdf/ortho-lower__prom__bu-edu__bed2dda235.pdf"
"cce3d65b","ortho-lower","prom","pdf","72942","premierptreno.com","bing","LEFS Lower Extremity Functional Scale filetype:pdf","","https://www.premierptreno.com/paperwork/index_lefs.pdf","/home/jmandel/hobby/intake-forms/raw/pdf/ortho-lower__prom__premierptreno-com__cce3d65b17.pdf"
"6af02573","ortho-lower","prom","pdf","349879","spinesportscare.com","bing","LEFS Lower Extremity Functional Scale filetype:pdf","","https://spinesportscare.com/wp-content/uploads/2018/11/Lower-Extremity-Functional-Scale.pdf","/home/jmandel/hobby/intake-forms/raw/pdf/ortho-lower__prom__spinesportscare-com__6af0257317.pdf"
"d8c3ad31","neuro-stroke","prom","html","520127","quizlet.com","bing","NIHSS NIH Stroke Scale filetype:pdf","","https://quizlet.com/1151134154/nih-stroke-scale-nihss-all-test-groups-a-f-patients-1-6-complete-answer-key-updated-spring-2026-verified-solutions-flash-cards/","/home/jmandel/hobby/intake-forms/raw/html/neuro-stroke__prom__quizlet-com__d8c3ad31f3.html"
"735eb3bd","neuro-stroke","prom","html","292267","nurseslab.in","bing","NIHSS NIH Stroke Scale filetype:pdf","","https://nurseslab.in/nursing-notes/diagnostic/nih-stroke-scale/","/home/jmandel/hobby/intake-forms/raw/html/neuro-stroke__prom__nurseslab-in__735eb3bddd.html"
"0a33751b","urology-bph","prom","html","224943","mdcalc.com","bing","IPSS International Prostate Symptom Score filetype:pdf","","https://www.mdcalc.com/calc/10462/american-urological-association-symptom-index-aua-si","/home/jmandel/hobby/intake-forms/raw/html/urology-bph__prom__mdcalc-com__0a33751b50.html"
"0fe72e1f","urology-bph","prom","pdf","18285","browardurologycenter.com","bing","IPSS International Prostate Symptom Score filetype:pdf","","https://www.browardurologycenter.com/pdf/ipss.pdf","/home/jmandel/hobby/intake-forms/raw/pdf/urology-bph__prom__browardurologycenter-com__0fe72e1fc0.pdf"
"c1294b40","urology-bph","prom","pdf","55002","prostate.ie","bing","IPSS International Prostate Symptom Score filetype:pdf","","https://prostate.ie/wp-content/uploads/IPSS.pdf","/home/jmandel/hobby/intake-forms/raw/pdf/urology-bph__prom__prostate-ie__c1294b4041.pdf"
"8f175f61","urology-bph","prom","pdf","29794","lvhn.org","bing","IPSS International Prostate Symptom Score filetype:pdf","","https://www.lvhn.org/sites/default/files/assets/lvpg2/IPSS_SHIM.pdf","/home/jmandel/hobby/intake-forms/raw/pdf/urology-bph__prom__lvhn-org__8f175f610d.pdf"
"b9939ac4","cardio-hf","prom","pdf","80149","cvam.com","bing","KCCQ-12 Kansas City Cardiomyopathy filetype:pdf","","https://cvam.com/wp-content/uploads/2019/07/KCCQ-Questionnaire.pdf","/home/jmandel/hobby/intake-forms/raw/pdf/cardio-hf__prom__cvam-com__b9939ac4b3.pdf"
"f2eaeefe","urology-bph","prom","pdf","563276","urolift.com","bing","IPSS International Prostate Symptom Score filetype:pdf","","https://www.urolift.com/hubfs/UroLift_2024/PDFs/IPSS%20Survey%20-Rev%20F-1.pdf","/home/jmandel/hobby/intake-forms/raw/pdf/urology-bph__prom__urolift-com__f2eaeefed3.pdf"
"d1a606eb","urology-bph","prom","html","32243","disabled-world.com","bing","IPSS International Prostate Symptom Score filetype:pdf","","https://www.disabled-world.com/calculators-charts/ipss-table.php","/home/jmandel/hobby/intake-forms/raw/html/urology-bph__prom__disabled-world-com__d1a606ebda.html"
"43033202","urology-bph","prom","pdf","1193004","uclahealth.org","bing","IPSS International Prostate Symptom Score filetype:pdf","","https://www.uclahealth.org/sites/default/files/documents/Prostate-EPIC-Symptom-Questionnaire.pdf","/home/jmandel/hobby/intake-forms/raw/pdf/urology-bph__prom__uclahealth-org__43033202da.pdf"
"aada73e2","urology-bph","prom","pdf","449123","primarycareurologysociety.org","bing","IPSS International Prostate Symptom Score filetype:pdf","","https://primarycareurologysociety.org/downloads/ipss.pdf","/home/jmandel/hobby/intake-forms/raw/pdf/urology-bph__prom__primarycareurologysociety-org__aada73e2a9.pdf"
"9a0de390","cardio-hf","prom","html","366914","resref.com","bing","KCCQ-12 Kansas City Cardiomyopathy filetype:pdf","","https://resref.com/kccq-heart-failure-assessment-guide/","/home/jmandel/hobby/intake-forms/raw/html/cardio-hf__prom__resref-com__9a0de390d0.html"
"43bcfcda","cardio-hf","prom","pdf","93498","reginfo.gov","bing","KCCQ-12 Kansas City Cardiomyopathy filetype:pdf","","https://www.reginfo.gov/public/do/DownloadDocument?objectID=65662002","/home/jmandel/hobby/intake-forms/raw/pdf/cardio-hf__prom__reginfo-gov__43bcfcda9e.pdf"
"95189ed0","cardio-hf","prom","html","1051076","scribd.com","bing","KCCQ-12 Kansas City Cardiomyopathy filetype:pdf","","https://www.scribd.com/document/621687374/KCCQ-Scoring","/home/jmandel/hobby/intake-forms/raw/html/cardio-hf__prom__scribd-com__95189ed05f.html"
"3755d0ac","cardio-angina","prom","pdf","219289","ahajournals.org","brave","SAQ-7 Seattle Angina Questionnaire filetype:pdf","","https://www.ahajournals.org/doi/pdf/10.1161/CIRCOUTCOMES.114.000967","/home/jmandel/hobby/intake-forms/raw/pdf/cardio-angina__prom__ahajournals-org__3755d0acc8.pdf"
"4466c9aa","cardio-angina","prom","pdf","110819","biolincc.nhlbi.nih.gov","brave","SAQ-7 Seattle Angina Questionnaire filetype:pdf","","https://biolincc.nhlbi.nih.gov/media/studies/wave/Forms/Seattle%20angina%20questionnaire.pdf?link_time=2018-08-12_12:10:16.970096","/home/jmandel/hobby/intake-forms/raw/pdf/cardio-angina__prom__biolincc-nhlbi-nih-gov__4466c9aa70.pdf"
"cfdd9042","cardio-angina","prom","pdf","2481685","eprints.gla.ac.uk","brave","SAQ-7 Seattle Angina Questionnaire filetype:pdf","","https://eprints.gla.ac.uk/287042/1/287042.pdf","/home/jmandel/hobby/intake-forms/raw/pdf/cardio-angina__prom__eprints-gla-ac-uk__cfdd90425a.pdf"
"42eda3b6","cardio-angina","prom","pdf","522059","eurointervention.pcronline.com","brave","SAQ-7 Seattle Angina Questionnaire filetype:pdf","","https://eurointervention.pcronline.com/article/relationship-between-initial-treatment-strategy-and-quality-of-life-in-patients-with-coronary-chronic-total-occlusions/pdf","/home/jmandel/hobby/intake-forms/raw/pdf/cardio-angina__prom__eurointervention-pcronline-com__42eda3b675.pdf"
"9ca9acfe","cardio-angina","prom","pdf","207428","revista.ceremgoias.org.br","brave","SAQ-7 Seattle Angina Questionnaire filetype:pdf","","https://revista.ceremgoias.org.br/index.php/CEREM/article/download/62/98/189","/home/jmandel/hobby/intake-forms/raw/pdf/cardio-angina__prom__revista-ceremgoias-org-br__9ca9acfe95.pdf"
"8688dbc8","cardio-angina","prom","pdf","335767","scispace.com","brave","SAQ-7 Seattle Angina Questionnaire filetype:pdf","","https://scispace.com/pdf/effect-of-angina-under-recognition-on-treatment-in-10diov4151.pdf","/home/jmandel/hobby/intake-forms/raw/pdf/cardio-angina__prom__scispace-com__8688dbc8ca.pdf"
"153870ce","diabetes","prom","pdf","85034","huskyhealthct.org","brave","PAID Problem Areas in Diabetes scale filetype:pdf","","https://www.huskyhealthct.org/providers/provider_postings/diabetes/PAID_problem_areas_in_diabetes_questionnaire.pdf","/home/jmandel/hobby/intake-forms/raw/pdf/diabetes__prom__huskyhealthct-org__153870cee3.pdf"
"a651b0a5","diabetes","prom","pdf","250410","professional.diabetes.org","brave","PAID Problem Areas in Diabetes scale filetype:pdf","","https://professional.diabetes.org/sites/default/files/media/ada_mental_health_toolkit_questionnaires.pdf","/home/jmandel/hobby/intake-forms/raw/pdf/diabetes__prom__professional-diabetes-org__a651b0a587.pdf"
"42741f27","diabetes","prom","pdf","396434","ndss.com.au","brave","PAID Problem Areas in Diabetes scale filetype:pdf","","https://www.ndss.com.au/wp-content/uploads/resources/diabetes-emotional-health-handbook-questionnaires.pdf","/home/jmandel/hobby/intake-forms/raw/pdf/diabetes__prom__ndss-com-au__42741f2763.pdf"
"6e5d41e8","diabetes","prom","pdf","329454","pdf4pro.com","brave","PAID Problem Areas in Diabetes scale filetype:pdf","","https://pdf4pro.com/cdn/problem-areas-in-diabetes-paid-scale-1ec55e.pdf","/home/jmandel/hobby/intake-forms/raw/pdf/diabetes__prom__pdf4pro-com__6e5d41e8f9.pdf"
"0fae0108","diabetes","prom","pdf","407895","cmcendovellore.org","brave","PAID Problem Areas in Diabetes scale filetype:pdf","","https://www.cmcendovellore.org/wp-content/uploads/The-utility-of-Problem-Areas-in-Diabetes-PAID-scale-amongst-patients-with-Type-2-diabetes-T2DM-An-experience-from-a-teaching-hospital-in-Southern-India.pdf","/home/jmandel/hobby/intake-forms/raw/pdf/diabetes__prom__cmcendovellore-org__0fae010825.pdf"
"7dd4ee2a","diabetes","prom","pdf","553580","frontiersin.org","brave","PAID Problem Areas in Diabetes scale filetype:pdf","","https://www.frontiersin.org/journals/public-health/articles/10.3389/fpubh.2022.843164/pdf","/home/jmandel/hobby/intake-forms/raw/pdf/diabetes__prom__frontiersin-org__7dd4ee2acc.pdf"
"afec18d6","gyn-sexual","prom","html","309526","cigna.com","bing","FSFI Female Sexual Function Index filetype:pdf","","https://www.cigna.com/individuals-families/member-guide/","/home/jmandel/hobby/intake-forms/raw/html/gyn-sexual__prom__cigna-com__afec18d6c3.html"
"abc9a950","pulm-copd","prom","pdf","246236","scispace.com","brave","mMRC Modified Medical Research Council Dyspnea filetype:pdf","","https://scispace.com/pdf/the-modified-medical-research-council-dyspnoea-scale-is-a-5hwerxqq5v.pdf","/home/jmandel/hobby/intake-forms/raw/pdf/pulm-copd__prom__scispace-com__abc9a950dd.pdf"
"c6d26049","pulm-copd","prom","pdf","1660524","openaccess.sgul.ac.uk","brave","mMRC Modified Medical Research Council Dyspnea filetype:pdf","","https://openaccess.sgul.ac.uk/id/eprint/114877/1/COPD-372318-evaluation-of-the-individual-activity-descriptors-of-the-mmr.pdf","/home/jmandel/hobby/intake-forms/raw/pdf/pulm-copd__prom__openaccess-sgul-ac-uk__c6d26049ff.pdf"
"d2d8df5e","pulm-copd","prom","pdf","212300","aacvpr.org","brave","mMRC Modified Medical Research Council Dyspnea filetype:pdf","","https://www.aacvpr.org/Portals/0/Improvement%20in%20Dyspnea%20Performance%20Measure%20Specifications_1.pdf","/home/jmandel/hobby/intake-forms/raw/pdf/pulm-copd__prom__aacvpr-org__d2d8df5ef4.pdf"
"f14b98f0","geri-adl","prom","pdf","153373","albertahealthservices.ca","bing","Barthel Index ADL filetype:pdf","","https://www.albertahealthservices.ca/assets/about/scn/ahs-scn-bjh-hf-barthel-index-of-adls.pdf","/home/jmandel/hobby/intake-forms/raw/pdf/geri-adl__prom__albertahealthservices-ca__f14b98f003.pdf"
"e1efc583","geri-adl","prom","html","80278","physio-pedia.com","bing","Barthel Index ADL filetype:pdf","","https://www.physio-pedia.com/Barthel_Index","/home/jmandel/hobby/intake-forms/raw/html/geri-adl__prom__physio-pedia-com__e1efc5833b.html"
"28335203","geri-adl","prom","pdf","54881","massgeneral.org","bing","Barthel Index ADL filetype:pdf","","https://www.massgeneral.org/assets/mgh/pdf/neurology/stop-stroke/barthel_index.pdf","/home/jmandel/hobby/intake-forms/raw/pdf/geri-adl__prom__massgeneral-org__283352038a.pdf"
"6cb48a6b","geri-skin","prom","html","161938","wtcs.pressbooks.pub","bing","Braden Scale pressure ulcer filetype:pdf","","https://wtcs.pressbooks.pub/nursingfundamentals/chapter/10-5-braden-scale/","/home/jmandel/hobby/intake-forms/raw/html/geri-skin__prom__wtcs-pressbooks-pub__6cb48a6b5b.html"
"1f5c18ba","geri-skin","prom","html","314285","studyingnurse.com","bing","Braden Scale pressure ulcer filetype:pdf","","https://studyingnurse.com/study/braden-scale/","/home/jmandel/hobby/intake-forms/raw/html/geri-skin__prom__studyingnurse-com__1f5c18baa9.html"
"548126ff","gi-rome","prom","pdf","392080","pghn.org","brave","Rome IV diagnostic criteria adult filetype:pdf","","https://pghn.org/pdf/10.5223/pghn.2017.20.1.1","/home/jmandel/hobby/intake-forms/raw/pdf/gi-rome__prom__pghn-org__548126ffca.pdf"
"9bfc3b9c","gi-rome","prom","pdf","237539","essentialsofibs.com","brave","Rome IV diagnostic criteria adult filetype:pdf","","https://www.essentialsofibs.com/content/dam/essentialsofibs/pdf/IBS-Diagnostic-Pathway.pdf","/home/jmandel/hobby/intake-forms/raw/pdf/gi-rome__prom__essentialsofibs-com__9bfc3b9ce1.pdf"
"b7f30224","onc-qol","prom","html","557579","omnicalculator.com","bing","EORTC QLQ-C30 quality of life filetype:pdf","","https://www.omnicalculator.com/health/eortc-bladder-cancer","/home/jmandel/hobby/intake-forms/raw/html/onc-qol__prom__omnicalculator-com__b7f30224cc.html"
"43927be3","sleep","prom","pdf","147852","med.upenn.edu","bing","Epworth Sleepiness Scale ESS filetype:pdf","","https://www.med.upenn.edu/cbti/assets/user-content/documents/Epworth%20Sleepiness%20Scale%20(ESS).pdf","/home/jmandel/hobby/intake-forms/raw/pdf/sleep__prom__med-upenn-edu__43927be363.pdf"
"2bb214e7","sleep","prom","pdf","48510","sleep.hms.harvard.edu","bing","Epworth Sleepiness Scale ESS filetype:pdf","","https://sleep.hms.harvard.edu/sites/default/files/assets/Narcolepsy%20Pictures/Epworth_Sleepiness_Scale.pdf","/home/jmandel/hobby/intake-forms/raw/pdf/sleep__prom__sleep-hms-harvard-edu__2bb214e7b3.pdf"
"e8a1c90c","sleep","prom","pdf","15212","best.barnsleyccg.nhs.uk","bing","Epworth Sleepiness Scale ESS filetype:pdf","","https://best.barnsleyccg.nhs.uk/media/om2m5w2d/epworth-sleepiness-score.pdf","/home/jmandel/hobby/intake-forms/raw/pdf/sleep__prom__best-barnsleyccg-nhs-uk__e8a1c90cd6.pdf"
"400cbba7","sleep","prom","pdf","97457","aaosh.org","bing","Epworth Sleepiness Scale ESS filetype:pdf","","https://www.aaosh.org/hubfs/Resources/epworth-sleepiness-scale-ess.pdf","/home/jmandel/hobby/intake-forms/raw/pdf/sleep__prom__aaosh-org__400cbba7e6.pdf"
"6e76ee35","sleep","prom","pdf","202025","med.upenn.edu","bing","Insomnia Severity Index ISI filetype:pdf","","https://www.med.upenn.edu/cbti/assets/user-content/documents/Insomnia%20Severity%20Index%20(ISI).pdf","/home/jmandel/hobby/intake-forms/raw/pdf/sleep__prom__med-upenn-edu__6e76ee350d.pdf"
"11050a6e","sleep","prom","pdf","31478","deploymentpsych.org","bing","Insomnia Severity Index ISI filetype:pdf","","https://deploymentpsych.org/system/files/member_resource/Insomnia%20Severity%20Index%20-ISI.pdf","/home/jmandel/hobby/intake-forms/raw/pdf/sleep__prom__deploymentpsych-org__11050a6e0c.pdf"
"6d397036","sleep","prom","html","121428","healthcalculatoronline.com","bing","Insomnia Severity Index ISI filetype:pdf","","https://healthcalculatoronline.com/insomnia-calculator/","/home/jmandel/hobby/intake-forms/raw/html/sleep__prom__healthcalculatoronline-com__6d39703670.html"
"063fb999","sleep","prom","pdf","156325","sleepdoc.net","bing","Insomnia Severity Index ISI filetype:pdf","","https://www.sleepdoc.net/wp-content/uploads/2024/12/Insomnia-Severity-Index-ISI.pdf","/home/jmandel/hobby/intake-forms/raw/pdf/sleep__prom__sleepdoc-net__063fb999df.pdf"
"23659e95","sleep","prom","pdf","143286","sleep.hms.harvard.edu","bing","Insomnia Severity Index ISI filetype:pdf","","https://sleep.hms.harvard.edu/sites/default/files/assets/Insomnia%20Pictures/Insomnia%20Severity%20Index.pdf","/home/jmandel/hobby/intake-forms/raw/pdf/sleep__prom__sleep-hms-harvard-edu__23659e95c7.pdf"
"19337223","sleep","prom","pdf","19357","cets.ulaval.ca","bing","Insomnia Severity Index ISI filetype:pdf","","https://www.cets.ulaval.ca/sites/cets.ulaval.ca/files/insomnia_severity_index.pdf","/home/jmandel/hobby/intake-forms/raw/pdf/sleep__prom__cets-ulaval-ca__19337223a0.pdf"
"f333615b","sleep","prom","html","223051","clinicaltoolslibrary.com","bing","Insomnia Severity Index ISI filetype:pdf","","https://clinicaltoolslibrary.com/insomnia-severity-index-isi/","/home/jmandel/hobby/intake-forms/raw/html/sleep__prom__clinicaltoolslibrary-com__f333615b5b.html"
"573f3038","sleep","prom","pdf","144418","med.upenn.edu","bing","STOP-Bang Questionnaire filetype:pdf","","https://www.med.upenn.edu/cbti/assets/user-content/documents/STOP-Bang.pdf","/home/jmandel/hobby/intake-forms/raw/pdf/sleep__prom__med-upenn-edu__573f303805.pdf"
"1cd316a9","alcohol","prom","html","358058","americanaddictioncenters.org","bing","CIWA-Ar Clinical Institute Withdrawal Alcohol Revised filetype:pdf","","https://americanaddictioncenters.org/alcohol/rehab-treatment/ciwa-ar-alcohol-assessment","/home/jmandel/hobby/intake-forms/raw/html/alcohol__prom__americanaddictioncenters-org__1cd316a936.html"
"040147de","alcohol","prom","html","26035","hospitalhandbook.ucsf.edu","bing","CIWA-Ar Clinical Institute Withdrawal Alcohol Revised filetype:pdf","","https://hospitalhandbook.ucsf.edu/content/03-alcohol-withdrawal","/home/jmandel/hobby/intake-forms/raw/html/alcohol__prom__hospitalhandbook-ucsf-edu__040147dec2.html"
"4ffca235","pain","prom","pdf","1216271","aoiphysicaltherapy.com","brave","McGill Pain Questionnaire filetype:pdf","","https://www.aoiphysicaltherapy.com/pdf/mcgill-pain-questionnaaire.pdf","/home/jmandel/hobby/intake-forms/raw/pdf/pain__prom__aoiphysicaltherapy-com__4ffca23580.pdf"
"e58f3799","pain","prom","pdf","533327","cdn-links.lww.com","brave","McGill Pain Questionnaire filetype:pdf","","https://cdn-links.lww.com/permalink/aap/a/aap_39_6_2014_08_21_ortner_rapm2014-263_sdc4.pdf","/home/jmandel/hobby/intake-forms/raw/pdf/pain__prom__cdn-links-lww-com__e58f37999e.pdf"
"1c8aaabc","pain","prom","pdf","204157","ncor.org.uk","brave","McGill Pain Questionnaire filetype:pdf","","https://ncor.org.uk/wp/wp-content/uploads/2012/12/Short-Form-McGill-Pain-Questionnaire.pdf","/home/jmandel/hobby/intake-forms/raw/pdf/pain__prom__ncor-org-uk__1c8aaabc26.pdf"
"bf6deaa1","pain","prom","pdf","136357","jmatonline.com","brave","McGill Pain Questionnaire filetype:pdf","","http://www.jmatonline.com/PDF/89-PB-846-853.pdf","/home/jmandel/hobby/intake-forms/raw/pdf/pain__prom__jmatonline-com__bf6deaa115.pdf"
"8f9c6d6c","pain","prom","pdf","435901","cambridge.org","brave","McGill Pain Questionnaire filetype:pdf","","https://www.cambridge.org/core/services/aop-cambridge-core/content/view/081C6484A8FAC6F790C0671BDFF31C43/S1478951524001731a.pdf/psychometric_properties_of_the_shortform_mcgill_pain_questionnaire_sfmpq_in_adult_mexican_cancer_patients_with_chronic_pain.pdf","/home/jmandel/hobby/intake-forms/raw/pdf/pain__prom__cambridge-org__8f9c6d6cd3.pdf"
"68173054","pain","prom","pdf","137665","pdf4pro.com","brave","McGill Pain Questionnaire filetype:pdf","","https://pdf4pro.com/amp/cdn/mcgill-pain-questionnaire-ncor-593c2b.pdf","/home/jmandel/hobby/intake-forms/raw/pdf/pain__prom__pdf4pro-com__6817305498.pdf"
"4cea53d5","peds-pain","prom","pdf","29409","dshs.wa.gov","brave","FLACC pain scale filetype:pdf","","https://www.dshs.wa.gov/sites/default/files/ALTSA/stakeholders/documents/duals/toolkit/forms/Pain%20Scale%20FLACC.pdf","/home/jmandel/hobby/intake-forms/raw/pdf/peds-pain__prom__dshs-wa-gov__4cea53d52c.pdf"
"8d9dab44","peds-pain","prom","pdf","213207","mcgill.ca","brave","FLACC pain scale filetype:pdf","","https://www.mcgill.ca/anesthesia/files/anesthesia/flacc_pain_scale.pdf","/home/jmandel/hobby/intake-forms/raw/pdf/peds-pain__prom__mcgill-ca__8d9dab448e.pdf"
"3d2d2441","peds-pain","prom","pdf","477085","vicsi-ltci.ca","brave","FLACC pain scale filetype:pdf","","https://vicsi-ltci.ca/wp-content/uploads/2021/06/flacc-behavioural-pain-assessment-scale.pdf","/home/jmandel/hobby/intake-forms/raw/pdf/peds-pain__prom__vicsi-ltci-ca__3d2d244150.pdf"
"2fcc648d","rheum-ra","prom","pdf","122454","integrationacademy.ahrq.gov","brave","HAQ-DI Health Assessment Questionnaire Disability Index filetype:pdf","","https://integrationacademy.ahrq.gov/sites/default/files/2020-07/HAQ-DI.pdf","/home/jmandel/hobby/intake-forms/raw/pdf/rheum-ra__prom__integrationacademy-ahrq-gov__2fcc648d72.pdf"
"a3a96818","rheum-ra","prom","pdf","99078","niehs.nih.gov","brave","HAQ-DI Health Assessment Questionnaire Disability Index filetype:pdf","","https://www.niehs.nih.gov/sites/default/files/research/resources/assets/docs/haq_instructions_508.pdf","/home/jmandel/hobby/intake-forms/raw/pdf/rheum-ra__prom__niehs-nih-gov__a3a9681854.pdf"
"281e2e64","rheum-ra","prom","pdf","123576","selfmanagementresource.com","brave","HAQ-DI Health Assessment Questionnaire Disability Index filetype:pdf","","https://selfmanagementresource.com/wp-content/uploads/English_-_Stanford_haq20.pdf","/home/jmandel/hobby/intake-forms/raw/pdf/rheum-ra__prom__selfmanagementresource-com__281e2e649e.pdf"
"536def57","rheum-ra","prom","pdf","982803","ijcmr.com","brave","HAQ-DI Health Assessment Questionnaire Disability Index filetype:pdf","","https://www.ijcmr.com/uploads/7/7/4/6/77464738/ijcmr_3455_v1.pdf","/home/jmandel/hobby/intake-forms/raw/pdf/rheum-ra__prom__ijcmr-com__536def57db.pdf"
"86b29d80","rheum-ra","prom","pdf","231460","lyddell.com","brave","HAQ-DI Health Assessment Questionnaire Disability Index filetype:pdf","","https://lyddell.com/wp-content/uploads/2020/10/RA-HAQ.pdf","/home/jmandel/hobby/intake-forms/raw/pdf/rheum-ra__prom__lyddell-com__86b29d804d.pdf"
"24c00ea4","rheum-ra","prom","pdf","969810","niehs.nih.gov","brave","HAQ-DI Health Assessment Questionnaire Disability Index filetype:pdf","","https://www.niehs.nih.gov/sites/default/files/research/resources/assets/docs/health_assessment_questionnaire_haq_form_508.pdf","/home/jmandel/hobby/intake-forms/raw/pdf/rheum-ra__prom__niehs-nih-gov__24c00ea46e.pdf"
"5974eba9","rheum-ra","prom","pdf","320882","clinexprheumatol.org","brave","HAQ-DI Health Assessment Questionnaire Disability Index filetype:pdf","","https://www.clinexprheumatol.org/article.asp?a=3414","/home/jmandel/hobby/intake-forms/raw/pdf/rheum-ra__prom__clinexprheumatol-org__5974eba998.pdf"
"a3e801c8","rheum-ra","prom","pdf","66855","clinexprheumatol.org","brave","HAQ-DI Health Assessment Questionnaire Disability Index filetype:pdf","","https://www.clinexprheumatol.org/article.asp?a=2681","/home/jmandel/hobby/intake-forms/raw/pdf/rheum-ra__prom__clinexprheumatol-org__a3e801c87e.pdf"
"7da2a606","rheum-ra","prom","pdf","131544","niehs.nih.gov","brave","HAQ-DI Health Assessment Questionnaire Disability Index filetype:pdf","","https://www.niehs.nih.gov/research/resources/assets/docs/chaq_instructions_508.pdf","/home/jmandel/hobby/intake-forms/raw/pdf/rheum-ra__prom__niehs-nih-gov__7da2a60602.pdf"
"6fe20976","rheum-ra","prom","pdf","65619","nvr.nl","brave","HAQ-DI Health Assessment Questionnaire Disability Index filetype:pdf","","https://www.nvr.nl/wp-content/uploads/2018/07/HAQ-Instructions.pdf","/home/jmandel/hobby/intake-forms/raw/pdf/rheum-ra__prom__nvr-nl__6fe2097687.pdf"
"4055328c","rheum-ra","prom","pdf","540436","www2.gov.bc.ca","brave","HAQ-DI Health Assessment Questionnaire Disability Index filetype:pdf","","https://www2.gov.bc.ca/assets/gov/health/forms/5383fil.pdf","/home/jmandel/hobby/intake-forms/raw/pdf/rheum-ra__prom__www2-gov-bc-ca__4055328cbe.pdf"
"e6c80dea","peds-dev","prom","pdf","122938","med.unc.edu","bing","Edinburgh Postnatal Depression Scale EPDS filetype:pdf","","https://www.med.unc.edu/ncmatters/wp-content/uploads/sites/1000/2025/04/edinburghscale.pdf","/home/jmandel/hobby/intake-forms/raw/pdf/peds-dev__prom__med-unc-edu__e6c80dea4b.pdf"
"f848ee28","peds-dev","prom","pdf","124568","postpartumcarefoundation.org","bing","Edinburgh Postnatal Depression Scale EPDS filetype:pdf","","https://postpartumcarefoundation.org/wp-content/uploads/2021/05/Edinburgh_Scale_EPDS.pdf","/home/jmandel/hobby/intake-forms/raw/pdf/peds-dev__prom__postpartumcarefoundation-org__f848ee28af.pdf"
"36c475e2","peds-dev","prom","pdf","1624190","medicine.tulane.edu","bing","Edinburgh Postnatal Depression Scale EPDS filetype:pdf","","https://medicine.tulane.edu/sites/default/files/2024-04/edps_2024.pdf","/home/jmandel/hobby/intake-forms/raw/pdf/peds-dev__prom__medicine-tulane-edu__36c475e2fb.pdf"
"c193ebc7","peds-dev","prom","pdf","92696","sanfordpediatrics.com","bing","Edinburgh Postnatal Depression Scale EPDS filetype:pdf","","https://www.sanfordpediatrics.com/wp/wp-content/uploads/EPDS-English.pdf","/home/jmandel/hobby/intake-forms/raw/pdf/peds-dev__prom__sanfordpediatrics-com__c193ebc763.pdf"
"47699674","peds-dev","prom","pdf","26706","healthcare.uiowa.edu","bing","Edinburgh Postnatal Depression Scale EPDS filetype:pdf","","https://www.healthcare.uiowa.edu/familymedicine/fpinfo/Docs/EPDS.pdf","/home/jmandel/hobby/intake-forms/raw/pdf/peds-dev__prom__healthcare-uiowa-edu__47699674ea.pdf"
"648522eb","peds-dev","prom","pdf","73798","postpartale-depression.ch","bing","Edinburgh Postnatal Depression Scale EPDS filetype:pdf","","https://postpartale-depression.ch/images/media/pdf/downloads/EPDS_Update/EPDS_Englisch.pdf","/home/jmandel/hobby/intake-forms/raw/pdf/peds-dev__prom__postpartale-depression-ch__648522ebed.pdf"
"7d64331b","rheum-ra","prom","pdf","424836","jrheum.org","bing","RAPID3 Routine Assessment Patient Index Data filetype:pdf","","https://www.jrheum.org/content/jrheum/35/11/2136.full.pdf","/home/jmandel/hobby/intake-forms/raw/pdf/rheum-ra__prom__jrheum-org__7d64331bf0.pdf"
"0db44b98","rheum-ra","prom","pdf","3037517","personalempowermentportal.com","bing","RAPID3 Routine Assessment Patient Index Data filetype:pdf","","https://www.personalempowermentportal.com/files/PP-XEL-USA-8248-RAPID3-Questionnaire_English.pdf","/home/jmandel/hobby/intake-forms/raw/pdf/rheum-ra__prom__personalempowermentportal-com__0db44b9888.pdf"
"495d8720","rheum-ra","prom","html","273140","sciencedirect.com","bing","RAPID3 Routine Assessment Patient Index Data filetype:pdf","","https://www.sciencedirect.com/topics/medicine-and-dentistry/routine-assessment-of-patient-index-data","/home/jmandel/hobby/intake-forms/raw/html/rheum-ra__prom__sciencedirect-com__495d8720fe.html"
"124b3e20","general-prom","prom","html","220063","sprypt.com","bing","PROMIS-29 v2.1 profile filetype:pdf","","https://www.sprypt.com/proms/promis-global-health","/home/jmandel/hobby/intake-forms/raw/html/general-prom__prom__sprypt-com__124b3e20be.html"
"1d47c3f5","rheum-spond","prom","html","312813","sciencedirect.com","bing","BASDAI Bath Ankylosing Spondylitis Disease Activity filetype:pdf","","https://www.sciencedirect.com/topics/medicine-and-dentistry/basdai","/home/jmandel/hobby/intake-forms/raw/html/rheum-spond__prom__sciencedirect-com__1d47c3f557.html"
